employee_id,will_breach,risk_score
E1001,0,0.0475
E1002,0,0.0307
E1003,0,0.0381
E1004,1,0.2099
E1005,1,0.1473
E1006,0,0.0308
E1007,0,0.007
E1008,0,0.0054
E1009,0,0.0029
E1010,0,0.0878
E1011,0,0.0131
E1012,0,0.0213
E1013,0,0.051
E1014,0,0.0065
E1015,1,0.1886
E1016,1,0.1049
E1017,1,0.1059
E1018,0,0.015
E1019,0,0.0061
E1020,0,0.0085
E1021,0,0.0033
E1022,0,0.0198
E1023,0,0.0059
E1024,0,0.0064
E1025,0,0.0322
E1026,0,0.0289
E1027,0,0.0448
E1028,0,0.0043
E1029,0,0.0614
E1030,0,0.0162
E1031,0,0.0821
E1032,1,0.1266
E1033,0,0.0082
E1034,0,0.0068
E1035,1,0.752
E1036,1,0.752
E1037,0,0.0098
E1038,0,0.0521
E1039,1,0.407
E1040,0,0.0452
E1041,0,0.0244
E1042,1,0.4429
E1043,0,0.0265
E1044,1,0.713
E1045,1,0.1164
E1046,0,0.0185
E1047,0,0.0708
E1048,0,0.0563
E1049,0,0.0247
E1050,1,0.1615
E1051,0,0.0632
E1052,0,0.024
E1053,0,0.0141
E1054,0,0.0307
E1055,1,0.134
E1056,0,0.0582
E1057,0,0.0279
E1058,0,0.0807
E1059,0,0.062
E1060,0,0.0212
E1061,1,0.3792
E1062,0,0.0168
E1063,1,0.1017
E1064,0,0.0039
E1065,0,0.0877
E1066,0,0.0596
E1067,1,0.1112
E1068,0,0.066
E1069,0,0.049
E1070,0,0.0487
E1071,0,0.0105
E1072,0,0.0149
E1073,0,0.0244
E1074,0,0.0946
E1075,1,0.1127
E1076,0,0.0075
E1077,1,0.1498
E1078,0,0.0626
E1079,0,0.0119
E1080,0,0.0057
E1081,0,0.013
E1082,0,0.0399
E1083,0,0.0134
E1084,0,0.0353
E1085,0,0.028
E1086,1,0.4164
E1087,1,0.1793
E1088,0,0.0622
E1089,0,0.084
E1090,1,0.7219
E1091,1,0.7219
E1092,0,0.0149
E1093,0,0.0053
E1094,0,0.0152
E1095,0,0.0517
E1096,0,0.0416
E1097,1,0.8302
E1098,1,0.8302
E1099,1,0.8816
E1100,0,0.0249
E1101,0,0.0011
E1102,0,0.0026
E1103,0,0.0109
E1104,1,0.2119
E1105,0,0.0828
E1106,1,0.175
E1107,0,0.0169
E1108,1,0.1259
E1109,0,0.0061
E1110,0,0.01
E1111,0,0.0606
E1112,0,0.0267
E1113,0,0.0262
E1114,0,0.0062
E1115,0,0.0195
E1116,0,0.067
E1117,0,0.0244
E1118,0,0.0565
E1119,0,0.041
E1120,1,0.1108
E1121,1,0.4456
E1122,1,0.3785
E1123,0,0.0621
E1124,0,0.0697
E1125,0,0.0625
E1126,1,0.9503
E1127,1,0.9503
E1128,0,0.0141
E1129,0,0.0029
E1130,1,0.2621
E1131,0,0.0156
E1132,1,0.5656
E1133,0,0.0144
E1134,0,0.0136
E1135,0,0.0367
E1136,0,0.0408
E1137,0,0.0039
E1138,1,0.696
E1139,0,0.0128
E1140,0,0.03
E1141,0,0.0211
E1142,1,0.239
E1143,0,0.0179
E1144,0,0.0034
E1145,0,0.0091
E1146,1,0.278
E1147,0,0.0078
E1148,0,0.012
E1149,0,0.0051
E1150,0,0.0199
E1151,0,0.0623
E1152,0,0.0593
E1153,0,0.0877
E1154,0,0.0066
E1155,0,0.0153
E1156,0,0.0686
E1157,0,0.0029
E1158,0,0.0176
E1159,0,0.0259
E1160,0,0.0132
E1161,0,0.0212
E1162,1,0.1248
E1163,1,0.1303
E1164,0,0.0611
E1165,0,0.0263
E1166,0,0.0402
E1167,0,0.0373
E1168,0,0.0815
E1169,0,0.0181
E1170,0,0.0017
E1171,0,0.0574
E1172,0,0.0542
E1173,0,0.0237
E1174,0,0.0081
E1175,0,0.0196
E1176,0,0.0192
E1177,0,0.0155
E1178,0,0.0916
E1179,0,0.0105
E1180,0,0.0186
E1181,1,0.2161
E1182,0,0.0201
E1183,1,0.4175
E1184,1,0.2224
E1185,0,0.0274
E1186,0,0.0292
E1187,0,0.0122
E1188,0,0.0406
E1189,0,0.0268
E1190,0,0.0074
E1191,0,0.0139
E1192,0,0.0255
E1193,1,0.6706
E1194,1,0.6706
E1195,0,0.0263
E1196,0,0.0023
E1197,1,0.0991
E1198,1,0.1551
E1199,0,0.0505
E1200,0,0.0097
E1201,0,0.0222
E1202,1,0.1305
E1203,0,0.0128
E1204,0,0.0069
E1205,0,0.0278
E1206,0,0.02
E1207,0,0.0187
E1208,0,0.0406
E1209,0,0.0471
E1210,0,0.0445
E1211,1,0.099
E1212,1,0.0989
E1213,0,0.0284
